<?xml version="1.0" encoding="UTF-8"?>
<metadata xml:lang="en"><Esri><CreaDate>20250803</CreaDate><CreaTime>10014700</CreaTime><ArcGISFormat>1.0</ArcGISFormat><SyncOnce>TRUE</SyncOnce><DataProperties><lineage><Process ToolSource="c:\program files\arcgis\pro\Resources\ArcToolbox\toolboxes\Data Management Tools.tbx\CreateFeatureclass" Date="20250803" Time="095928">CreateFeatureclass "C:\Users\cex\OneDrive - Jennie Tully\Data\Workspaces\Workspace V1 Spatial Insights.gdb" compiled_sites_XYTableToPoint POINT GPLYR_{AEC28290-DE7C-41DA-837C-244D0A782D0A} DISABLED DISABLED "PROJCS["TM65_Irish_Grid",GEOGCS["GCS_TM65",DATUM["D_TM65",SPHEROID["Airy_Modified",6377340.189,299.3249646]],PRIMEM["Greenwich",0.0],UNIT["Degree",0.0174532925199433]],PROJECTION["Transverse_Mercator"],PARAMETER["False_Easting",200000.0],PARAMETER["False_Northing",250000.0],PARAMETER["Central_Meridian",-8.0],PARAMETER["Scale_Factor",1.000035],PARAMETER["Latitude_Of_Origin",53.5],UNIT["Meter",1.0]];-5422600 -15681100 10000;-100000 10000;-100000 10000;0.001;0.001;0.001;IsHighPrecision" # 0 0 0 # SAME_AS_TEMPLATE</Process><Process ToolSource="c:\program files\arcgis\pro\Resources\ArcToolbox\toolboxes\Data Management Tools.tbx\XYTableToPoint" Date="20250803" Time="095934">XYTableToPoint compiled_sites.csv "C:\Users\cex\OneDrive - Jennie Tully\Data\Workspaces\Workspace V1 Spatial Insights.gdb\compiled_sites_XYTableToPoint" Easting Northing # "PROJCS["TM65_Irish_Grid",GEOGCS["GCS_TM65",DATUM["D_TM65",SPHEROID["Airy_Modified",6377340.189,299.3249646]],PRIMEM["Greenwich",0.0],UNIT["Degree",0.0174532925199433]],PROJECTION["Transverse_Mercator"],PARAMETER["False_Easting",200000.0],PARAMETER["False_Northing",250000.0],PARAMETER["Central_Meridian",-8.0],PARAMETER["Scale_Factor",1.000035],PARAMETER["Latitude_Of_Origin",53.5],UNIT["Meter",1.0]];-5422600 -15681100 10000;-100000 10000;-100000 10000;0.001;0.001;0.001;IsHighPrecision"</Process></lineage></DataProperties></Esri></metadata>
